id;first_name;last_name;email;password;verified;challenge_token;work_flow_initiate;created_by;created_at;updated_by;updated_at
1;Mya;Greenfelder;"eOB@x^R}G";Usability Light Personal Loan Account;true;Pizza Tasty Plastic Pants circuit;true;Sharable compress;2020-01-04;Borders methodology;2020-01-04
2;Rosalind;Walter;"ORK@<-%Mf";Marketing;false;methodologies;false;program JSON;2020-01-04;projection;2020-01-04
3;Xander;Donnelly;"Gysla@eq@>@E";deposit FTP;true;Avon;false;transitional;2020-01-04;Intranet Tools;2020-01-04
4;Arianna;Pagac;"7FZI@!L[3";index static Cambridgeshire;true;International communities standardization;false;Accounts;2020-01-04;Nevada deposit;2020-01-04
5;Niko;Hammes;"qoJ@>M50 k";Shoes;false;Cuban Peso Peso Convertible;false;Incredible quantifying;2020-01-04;SMTP;2020-01-04
6;Orie;Schuppe;"giGq@<h5|";Taka;true;Practical Rubber Cheese Refined;true;XML;2020-01-04;Infrastructure quantify;2020-01-04
7;Ezekiel;Harvey;"Ofp1D-@K<Tg~";Chicken;true;New Hampshire process improvement Awesome Rubber Salad;false;Credit Card Account;2020-01-04;invoice integrated gold;2020-01-05
8;Edgardo;Bode;"JUgxOE@_[)geg";asynchronous Fiji Dollar;false;synthesize facilitate;false;panel Administrator;2020-01-04;architectures National;2020-01-05
9;Nasir;Senger;"jS@2T";Concrete Toys;false;Integration;true;Maryland microchip;2020-01-04;Handcrafted;2020-01-04
10;Jordy;Friesen;"uj.@kVV";solutions Clothing;true;extend Visionary incubate;true;Credit Card Account;2020-01-04;salmon;2020-01-04
